0,0.000189777,0,0,9.29906e-07,0,9.29906e-07,9.29906e-07
0.00224063,0.00118978,0,1.09791e-05,5.82992e-06,0,1.24309e-05,1.24309e-05
0,0.00218977,0,0,1.07299e-05,0,1.07299e-05,1.07299e-05
0,0.000189777,0,0,9.29906e-07,0,9.29906e-07,9.29906e-07
0.00124063,0.000189777,0.00411881,6.07907e-06,9.29906e-07,2.01822e-05,2.10983e-05,2.10983e-05
0.00124063,0,0,6.07907e-06,0,0,6.07907e-06,6.07907e-06
0,0,0.00811876,0,0,3.97819e-05,3.97819e-05,3.97819e-05
0,0.00218978,0,0,1.07299e-05,0,1.07299e-05,1.07299e-05
0,0.00118976,0,0,5.82984e-06,0,5.82984e-06,5.82984e-06
0,0.000189777,0,0,9.29906e-07,0,9.29906e-07,9.29906e-07
0,0.000189777,0,0,9.29906e-07,0,9.29906e-07,9.29906e-07
0,0.00118976,0,0,5.82984e-06,0,5.82984e-06,5.82984e-06
0,0.00118978,0,0,5.82992e-06,0,5.82992e-06,5.82992e-06
0.000240625,0,0,1.17906e-06,0,0,1.17906e-06,1.17906e-06
0,0.000189777,0,0,9.29906e-07,0,9.29906e-07,9.29906e-07
0,0.000189777,0,0,9.29906e-07,0,9.29906e-07,9.29906e-07
0,0.00218977,0,0,1.07299e-05,0,1.07299e-05,1.07299e-05
0.000240625,0,0,1.17906e-06,0,0,1.17906e-06,1.17906e-06
0,0.000189777,0,0,9.29906e-07,0,9.29906e-07,9.29906e-07
0,0,0.00211872,0,0,1.03817e-05,1.03817e-05,1.03817e-05
0,0,0.0171191,0,0,8.38834e-05,8.38834e-05,8.38834e-05
0.00324062,0.000189777,0,1.5879e-05,9.29906e-07,0,1.59062e-05,1.59062e-05
0.000240625,0,0,1.17906e-06,0,0,1.17906e-06,1.17906e-06
0,0.000189777,0.00211896,0,9.29906e-07,1.03829e-05,1.04244e-05,1.04244e-05
0,0.000189777,0,0,9.29906e-07,0,9.29906e-07,9.29906e-07
0.0102406,0,0,5.01791e-05,0,0,5.01791e-05,5.01791e-05
0.0102406,0.00918976,0,5.0179e-05,4.50299e-05,0,6.74212e-05,6.74212e-05
0,0.00218977,0,0,1.07299e-05,0,1.07299e-05,1.07299e-05
0.00124063,0,0,6.07907e-06,0,0,6.07907e-06,6.07907e-06
0.00124061,0.000189762,0,6.079e-06,9.29833e-07,0,6.1497e-06,6.1497e-06
0.00724062,0.00518977,0,3.54791e-05,2.54299e-05,0,4.36514e-05,4.36514e-05
0,0.000189762,0,0,9.29833e-07,0,9.29833e-07,9.29833e-07
0.00424062,0,0,2.0779e-05,0,0,2.0779e-05,2.0779e-05
0,0,0.00511898,0,0,2.5083e-05,2.5083e-05,2.5083e-05
0.00124061,0,0,6.079e-06,0,0,6.079e-06,6.079e-06
0.00224061,0.000189777,0,1.0979e-05,9.29906e-07,0,1.10183e-05,1.10183e-05
0,0.000189777,0,0,9.29906e-07,0,9.29906e-07,9.29906e-07
0,0.00118978,0,0,5.82992e-06,0,5.82992e-06,5.82992e-06
0.000240625,0,0,1.17906e-06,0,0,1.17906e-06,1.17906e-06
0,0.00218978,0,0,1.07299e-05,0,1.07299e-05,1.07299e-05
0,0.00118978,0,0,5.82992e-06,0,5.82992e-06,5.82992e-06
0.0272406,0,0,0.000133479,0,0,0.000133479,0.000133479
0,0.00118978,0,0,5.82992e-06,0,5.82992e-06,5.82992e-06
0.00024061,0.000189762,0,1.17899e-06,9.29833e-07,0,1.50153e-06,1.50153e-06
0,0.000189777,0,0,9.29906e-07,0,9.29906e-07,9.29906e-07
0,0.00118978,0,0,5.82992e-06,0,5.82992e-06,5.82992e-06
0,0.00118978,0,0,5.82992e-06,0,5.82992e-06,5.82992e-06
0,0.000189777,0,0,9.29906e-07,0,9.29906e-07,9.29906e-07
0,0,0.000118863,0,0,5.82428e-07,5.82428e-07,5.82428e-07
0,0.00118976,0,0,5.82984e-06,0,5.82984e-06,5.82984e-06
0,0.000189777,0,0,9.29906e-07,0,9.29906e-07,9.29906e-07
0,0.00118976,0,0,5.82984e-06,0,5.82984e-06,5.82984e-06
0,0.000189777,0,0,9.29906e-07,0,9.29906e-07,9.29906e-07
0,0.00118978,0,0,5.82992e-06,0,5.82992e-06,5.82992e-06
0,0.000189777,0,0,9.29906e-07,0,9.29906e-07,9.29906e-07
0,0.00318978,0,0,1.56299e-05,0,1.56299e-05,1.56299e-05
0.00224061,0,0,1.0979e-05,0,0,1.0979e-05,1.0979e-05
0,0.000189777,0,0,9.29906e-07,0,9.29906e-07,9.29906e-07
0.00124061,0,0,6.079e-06,0,0,6.079e-06,6.079e-06
0,0.000189777,0,0,9.29906e-07,0,9.29906e-07,9.29906e-07
0,0.00118978,0,0,5.82992e-06,0,5.82992e-06,5.82992e-06
0,0.000189777,0,0,9.29906e-07,0,9.29906e-07,9.29906e-07
0,0.00118978,0,0,5.82992e-06,0,5.82992e-06,5.82992e-06
0,0.000189777,0,0,9.29906e-07,0,9.29906e-07,9.29906e-07
0.00024061,0,0,1.17899e-06,0,0,1.17899e-06,1.17899e-06
0,0.00118978,0,0,5.82992e-06,0,5.82992e-06,5.82992e-06
0,0.00118978,0,0,5.82992e-06,0,5.82992e-06,5.82992e-06
0.00124061,0,0,6.079e-06,0,0,6.079e-06,6.079e-06
0,0.000189762,0,0,9.29833e-07,0,9.29833e-07,9.29833e-07
0,0.000189777,0,0,9.29906e-07,0,9.29906e-07,9.29906e-07
0,0.000189762,0,0,9.29833e-07,0,9.29833e-07,9.29833e-07
0,0.00318978,0,0,1.56299e-05,0,1.56299e-05,1.56299e-05
0.00024061,0,0.000118863,1.17899e-06,0,5.82428e-07,1.315e-06,1.315e-06
0.00024061,0,0.008119,1.17899e-06,0,3.97831e-05,3.98006e-05,3.98006e-05
0,0.000189777,0,0,9.29906e-07,0,9.29906e-07,9.29906e-07
0.0182406,0,0,8.9379e-05,0,0,8.9379e-05,8.9379e-05
0,0.00318977,0,0,1.56299e-05,0,1.56299e-05,1.56299e-05
0.00324062,0,0,1.5879e-05,0,0,1.5879e-05,1.5879e-05
0,0.00418977,0,0,2.05299e-05,0,2.05299e-05,2.05299e-05
0,0,0.00911869,0,0,4.46816e-05,4.46816e-05,4.46816e-05
0,0.00718978,0,0,3.52299e-05,0,3.52299e-05,3.52299e-05
0,0.00118978,0,0,5.82992e-06,0,5.82992e-06,5.82992e-06
0,0.000189777,0,0,9.29906e-07,0,9.29906e-07,9.29906e-07
0,0.00218977,0,0,1.07299e-05,0,1.07299e-05,1.07299e-05
0,0.000189777,0,0,9.29906e-07,0,9.29906e-07,9.29906e-07
0,0.000189777,0,0,9.29906e-07,0,9.29906e-07,9.29906e-07
0,0.000189762,0,0,9.29833e-07,0,9.29833e-07,9.29833e-07
0,0.000189777,0,0,9.29906e-07,0,9.29906e-07,9.29906e-07
0,0.00118978,0,0,5.82992e-06,0,5.82992e-06,5.82992e-06
0,0.000189777,0,0,9.29906e-07,0,9.29906e-07,9.29906e-07
0.00124063,0,0,6.07907e-06,0,0,6.07907e-06,6.07907e-06
0,0.000189777,0,0,9.29906e-07,0,9.29906e-07,9.29906e-07
0,0,0.00311888,0,0,1.52825e-05,1.52825e-05,1.52825e-05
0.00924063,0.000189777,0,4.52791e-05,9.29906e-07,0,4.52886e-05,4.52886e-05
0.0122406,0,0,5.9979e-05,0,0,5.9979e-05,5.9979e-05
0.000240625,0,0,1.17906e-06,0,0,1.17906e-06,1.17906e-06
0,0,0.00211872,0,0,1.03817e-05,1.03817e-05,1.03817e-05
0,0.000189777,0,0,9.29906e-07,0,9.29906e-07,9.29906e-07
0,0.000189777,0,0,9.29906e-07,0,9.29906e-07,9.29906e-07
0.000240625,0.00218977,0,1.17906e-06,1.07299e-05,0,1.07944e-05,1.07944e-05
0.000240625,0,0,1.17906e-06,0,0,1.17906e-06,1.17906e-06
0,0.000189762,0,0,9.29833e-07,0,9.29833e-07,9.29833e-07
0,0,0.00211896,0,0,1.03829e-05,1.03829e-05,1.03829e-05
0,0.0131898,0,0,6.46299e-05,0,6.46299e-05,6.46299e-05
0,0,0.00111879,0,0,5.48207e-06,5.48207e-06,5.48207e-06
0.00724062,0,0,3.54791e-05,0,0,3.54791e-05,3.54791e-05
0.00224061,0,0,1.0979e-05,0,0,1.0979e-05,1.0979e-05
0.00824061,0,0,4.0379e-05,0,0,4.0379e-05,4.0379e-05
0,0.00218977,0,0,1.07299e-05,0,1.07299e-05,1.07299e-05
0,0.00118978,0,0,5.82992e-06,0,5.82992e-06,5.82992e-06
0.00024061,0,0,1.17899e-06,0,0,1.17899e-06,1.17899e-06
0.00224061,0,0,1.0979e-05,0,0,1.0979e-05,1.0979e-05
0.000240625,0,0,1.17906e-06,0,0,1.17906e-06,1.17906e-06
0.00024061,0.00118978,0,1.17899e-06,5.82992e-06,0,5.94794e-06,5.94794e-06
0.00224063,0,0,1.09791e-05,0,0,1.09791e-05,1.09791e-05
0,0.0381898,0.194119,0,0.00018713,0.000951183,0.000969415,0.000969415
0,0.0651898,0,0,0.00031943,0,0.00031943,0.00031943
0,0.0581898,0,0,0.00028513,0,0.00028513,0.00028513
0.0102406,0.0861898,0.114119,5.0179e-05,0.00042233,0.000559183,0.000702542,0.000702542
0.0182406,0,0,8.9379e-05,0,0,8.9379e-05,0.000791922
0,0.0121898,0,0,5.97299e-05,0,5.97299e-05,5.97299e-05
0.00124061,0.00218977,0.021119,6.079e-06,1.07299e-05,0.000103483,0.000104215,0.000104215
0,0.000189777,0,0,9.29906e-07,0,9.29906e-07,0.000105145
0,0.000189762,0,0,9.29833e-07,0,9.29833e-07,9.29833e-07
0.000240625,0.00218977,0,1.17906e-06,1.07299e-05,0,1.07944e-05,1.07944e-05
0.0262406,0,0.0701188,0.000128579,0,0.000343582,0.000366853,0.000366853
0.00724062,0.00718978,0.0431188,3.54791e-05,3.52299e-05,0.000211282,0.000217118,0.000217118
0.0132406,0.0671898,0,6.4879e-05,0.00032923,0,0.000335562,0.000335562
0,0.0281898,0.281119,0,0.00013813,0.00137748,0.00138439,0.00138439
0.0432406,0.000189777,0.172119,0.000211879,9.29906e-07,0.000843382,0.00086959,0.00086959
0,0.0281898,0.0181188,0,0.00013813,8.87819e-05,0.000164201,0.000164201
0,0.0351898,0,0,0.00017243,0,0.00017243,0.00017243
0.0122406,0,0,5.99791e-05,0,0,5.99791e-05,5.99791e-05
0.0132406,0,0,6.48791e-05,0,0,6.48791e-05,6.48791e-05
0,0.000189777,0,0,9.29906e-07,0,9.29906e-07,9.29906e-07
0,0.00418978,0.0261189,0,2.05299e-05,0.000127983,0.000129619,0.000129619
0.0292406,0,0,0.000143279,0,0,0.000143279,0.000143279
0.00624062,0,0.00511874,3.05791e-05,0,2.50818e-05,3.95497e-05,3.95497e-05
0.00124061,0.00518977,0,6.079e-06,2.54299e-05,0,2.61464e-05,2.61464e-05
0,0,0.0331189,0,0,0.000162282,0.000162282,0.000162282
0.0212406,0.13719,0.303119,0.000104079,0.00067223,0.00148528,0.00163364,0.00163364
0.0242406,0,0,0.000118779,0,0,0.000118779,0.00175242
0.00824061,0.16619,0.156119,4.0379e-05,0.00081433,0.000764982,0.00111802,0.00111802
0,0,0.101119,0,0,0.000495482,0.000495482,0.0016135
0,0.0151898,0,0,7.44299e-05,0,7.44299e-05,7.44299e-05
0.00524061,0.0821898,0.213119,2.5679e-05,0.00040273,0.00104428,0.00111954,0.00111954
0.00624062,0,0,3.05791e-05,0,0,3.05791e-05,0.00115012
0.0392406,0,0.018119,0.000192279,0,8.87831e-05,0.000211787,0.000211787
0.0182406,0.0631898,0.325119,8.9379e-05,0.00030963,0.00159308,0.00162535,0.00162535
0.0152406,0,0.0731191,7.4679e-05,0,0.000358283,0.000365984,0.00199134
0,0,0.269119,0,0,0.00131868,0.00131868,0.00131868
0.000240625,0.0951898,0.251119,1.17906e-06,0.00046643,0.00123048,0.00131592,0.00131592
0,0,0.0561189,0,0,0.000274982,0.000274982,0.0015909
0.00324062,0.0341898,0.0121189,1.5879e-05,0.00016753,5.93828e-05,0.000178451,0.000178451
0,0.11019,0,0,0.00053993,0,0.00053993,0.00053993
0,0.00718978,0.00511898,0,3.52299e-05,2.5083e-05,4.3247e-05,4.3247e-05
0.00624062,0,0.0191187,3.05791e-05,0,9.36815e-05,9.8546e-05,9.8546e-05
0.00624062,0.00718976,0.00911893,3.05791e-05,3.52298e-05,4.46827e-05,6.4597e-05,6.4597e-05
0.0192406,0.0611898,0.071119,9.4279e-05,0.00029983,0.000348483,0.000469283,0.00053388
0.0172406,0.0541898,0.272119,8.4479e-05,0.00026553,0.00133338,0.00136219,0.00136219
0.0182406,0,0.115119,8.9379e-05,0,0.000564083,0.00057112,0.00193331
0.0312406,0.00318978,0.0481187,0.000153079,1.56299e-05,0.000235782,0.00028155,0.00028155
0,0.00318978,0,0,1.56299e-05,0,1.56299e-05,0.00029718
0,0,0.355119,0,0,0.00174008,0.00174008,0.00174008
0,0,0.342119,0,0,0.00167638,0.00167638,0.00167638
0.0232406,0,0,0.000113879,0,0,0.000113879,0.000113879
0.00424062,0.0261898,0.0961188,2.0779e-05,0.00012833,0.000470982,0.000488595,0.000488595
0.0202406,0,0.0131189,9.9179e-05,0,6.42825e-05,0.000118189,0.000606784
0,0.00118976,0.087119,0,5.82984e-06,0.000426883,0.000426923,0.000426923
0.0342406,0,0.277119,0.000167779,0,0.00135788,0.00136821,0.00136821
0,0,0.155119,0,0,0.000760082,0.000760082,0.000760082
0.0252406,0.0211898,0,0.000123679,0.00010383,0,0.000161484,0.000161484
0,0.0461898,0.129119,0,0.00022633,0.000632682,0.000671946,0.000671946
0.0612406,0.13019,0.330119,0.000300079,0.00063793,0.00161758,0.00176453,0.00176453
0.00424062,0.0411898,0,2.0779e-05,0.00020183,0,0.000202897,0.00196743
0.00724061,0,0.0871188,3.5479e-05,0,0.000426882,0.000428354,0.000428354
0.00124062,0.00818978,0,6.07903e-06,4.01299e-05,0,4.05877e-05,4.05877e-05
0.0262406,0.14319,0.227119,0.000128579,0.00070163,0.00111288,0.00132186,0.00132186
0,0,0.255119,0,0,0.00125008,0.00125008,0.00125008
0.0242406,0,0,0.000118779,0,0,0.000118779,0.000118779
0,0.13119,0.215119,0,0.00064283,0.00105408,0.00123463,0.00123463
0.0162406,0,0,7.95791e-05,0,0,7.95791e-05,7.95791e-05
0.0122406,0.0161898,0.061119,5.9979e-05,7.93299e-05,0.000299483,0.000315564,0.000315564
0,0.00318978,0.132119,0,1.56299e-05,0.000647382,0.000647571,0.000963135
0.00224062,0,0.437119,1.0979e-05,0,0.00214188,0.00214191,0.00214191
0.0442406,0,0.223119,0.000216779,0,0.00109328,0.00111457,0.00111457
0.0232406,0,0,0.000113879,0,0,0.000113879,0.000113879
0.0152406,0.00618977,0.0531188,7.46791e-05,3.03299e-05,0.000260282,0.000272477,0.000272477
0,0.0191898,0.0251187,0,9.40299e-05,0.000123082,0.000154889,0.000427366
0.0182406,0.00618977,0,8.9379e-05,3.03299e-05,0,9.43849e-05,9.43849e-05
0.00124061,0.00118976,0.0121189,6.079e-06,5.82984e-06,5.93828e-05,5.99772e-05,5.99772e-05
0,0.0101898,0.0351189,0,4.99299e-05,0.000172083,0.00017918,0.000239157
0.0452406,0,0,0.000221679,0,0,0.000221679,0.000221679
0,0.0491898,0,0,0.00024103,0,0.00024103,0.00024103
0.00224061,0,0,1.0979e-05,0,0,1.0979e-05,1.0979e-05
0.0292406,0,0,0.000143279,0,0,0.000143279,0.000143279
0.0122406,0.00618977,0,5.9979e-05,3.03299e-05,0,6.72115e-05,6.72115e-05
0.00424063,0.0121898,0,2.07791e-05,5.97299e-05,0,6.3241e-05,6.3241e-05
0,0.0671898,0,0,0.00032923,0,0.00032923,0.00032923
0,0.0851898,0.093119,0,0.00041743,0.000456283,0.000618419,0.000618419
0.000240625,0,0,1.17906e-06,0,0,1.17906e-06,1.17906e-06
0.0292406,0,0,0.000143279,0,0,0.000143279,0.000143279
0.0302406,0,0,0.000148179,0,0,0.000148179,0.000148179
0.0442406,0,0,0.000216779,0,0,0.000216779,0.000216779
0.0272406,0,0,0.000133479,0,0,0.000133479,0.000133479
0.0142406,0,0,6.97791e-05,0,0,6.97791e-05,6.97791e-05
0.00124063,0.0181898,0.0531188,6.07907e-06,8.91299e-05,0.000260282,0.000275187,0.000275187
0,0.0471898,0.180119,0,0.00023123,0.000882583,0.00091237,0.00118756
0.0402406,0.0221898,0.0721189,0.000197179,0.00010873,0.000353383,0.000419024,0.000419024
0.0362406,0,0,0.000177579,0,0,0.000177579,0.000177579
0.00324062,0.0261898,0,1.5879e-05,0.00012833,0,0.000129309,0.000129309
0,0.0201898,0.0591186,0,9.89299e-05,0.000289681,0.000306109,0.000306109
0.0212406,0.000189762,0.0061189,0.000104079,9.29833e-07,2.99826e-05,0.000108316,0.000108316
0,0.0461898,0.120119,0,0.00022633,0.000588582,0.000630598,0.000738914
0.00724062,0.0311898,0.0321189,3.5479e-05,0.00015283,0.000157383,0.000222228,0.000222228
0,0,0.0561189,0,0,0.000274982,0.000274982,0.00049721
0,0,0.0641188,0,0,0.000314182,0.000314182,0.000314182
0,0.12119,0.361119,0,0.00059383,0.00176948,0.00186647,0.00186647
0,0,0.0131189,0,0,6.42825e-05,6.42825e-05,6.42825e-05
0,0.0111898,0.0061189,0,5.48299e-05,2.99826e-05,6.24922e-05,6.24922e-05
0,0.000189777,0.0361189,0,9.29906e-07,0.000176983,0.000176985,0.000176985
0.00924062,0.0111898,0,4.5279e-05,5.48299e-05,0,7.11091e-05,7.11091e-05
0.0412406,0.0761898,0,0.000202079,0.00037333,0,0.000424513,0.000424513
0.00724062,0.00518977,0,3.5479e-05,2.54299e-05,0,4.36514e-05,4.36514e-05
0.0162406,0.0641898,0.0411188,7.9579e-05,0.00031453,0.000201482,0.000381912,0.000381912
0.0242406,0.0441898,0,0.000118779,0.00021653,0,0.000246969,0.000628881
0,0.0131898,0.0651189,0,6.46299e-05,0.000319083,0.000325562,0.000325562
0.00924062,0.00418977,0.021119,4.5279e-05,2.05299e-05,0.000103483,0.000114806,0.000114806
0.00424062,0,0.00811876,2.0779e-05,0,3.97819e-05,4.48817e-05,0.000159688
0.0122406,0,0,5.9979e-05,0,0,5.9979e-05,5.9979e-05
0.0142406,0.00718977,0,6.9779e-05,3.52299e-05,0,7.81681e-05,7.81681e-05
0.0212406,0.0441898,0.0171188,0.000104079,0.00021653,8.38822e-05,0.000254468,0.000254468
0,0,0.0921189,0,0,0.000451383,0.000451383,0.00070585
0,0.0371898,0.114119,0,0.00018223,0.000559182,0.000588126,0.000588126
0.00624062,0.0151898,0.0161189,3.05791e-05,7.44299e-05,7.89826e-05,0.000112753,0.000112753
0,0.0751898,0.100119,0,0.00036843,0.000490582,0.000613524,0.000726276
0.00824061,0.0111898,0,4.0379e-05,5.48299e-05,0,6.80939e-05,6.80939e-05
0.00424062,0,0.456119,2.0779e-05,0,0.00223498,0.00223508,0.00223508
0,0.0501898,0.0821189,0,0.00024593,0.000402383,0.000471586,0.000471586
0.00924061,0,0,4.5279e-05,0,0,4.5279e-05,4.5279e-05
0.0262406,0,0,0.000128579,0,0,0.000128579,0.000128579
0.0102406,0,0.087119,5.0179e-05,0,0.000426883,0.000429822,0.000429822
0.00524062,0.0101898,0.0271191,2.5679e-05,4.99299e-05,0.000132883,0.000144258,0.000144258
0,0.0101898,0.0441188,0,4.99299e-05,0.000216182,0.000221873,0.000366131
0.0422406,0.00518977,0.067119,0.000206979,2.54299e-05,0.000328883,0.000389424,0.000389424
0,0,0.168119,0,0,0.000823782,0.000823782,0.00121321
0,0,0.024119,0,0,0.000118183,0.000118183,0.000118183
0,0.0441898,0.152119,0,0.00021653,0.000745382,0.000776196,0.000776196
0,0,0.273119,0,0,0.00133828,0.00133828,0.00133828
0,0,0.194119,0,0,0.000951183,0.000951183,0.000951183
0,0.11519,0.264119,0,0.00056443,0.00129418,0.00141191,0.00141191
0,0,0.0941187,0,0,0.000461182,0.000461182,0.000461182
0.0102406,0,0,5.0179e-05,0,0,5.0179e-05,5.0179e-05
0,0,0.00811876,0,0,3.97819e-05,3.97819e-05,3.97819e-05
0,0.0581898,0,0,0.00028513,0,0.00028513,0.00028513
0,0.0381898,0.00211896,0,0.00018713,1.03829e-05,0.000187418,0.000187418
0,0.0461898,0.0741187,0,0.00022633,0.000363182,0.000427933,0.000427933
0.00924062,0.00318978,0.0451189,4.5279e-05,1.56299e-05,0.000221083,0.000226212,0.000226212
0.0802406,0.0541898,0.214119,0.000393179,0.00026553,0.00104918,0.00115147,0.00137768
0.0502406,0.0531898,0,0.000246179,0.00026063,0,0.000358514,0.00173619
0,0.0151898,0,0,7.44299e-05,0,7.44299e-05,7.44299e-05
0,0.00118976,0,0,5.82984e-06,0,5.82984e-06,5.82984e-06
0.0242406,0.0171898,0.0581187,0.000118779,8.42299e-05,0.000284782,0.00031985,0.00031985
0,0.00218977,0.0311188,0,1.07299e-05,0.000152482,0.000152859,0.000472709
0.0172406,0.00418977,0,8.4479e-05,2.05299e-05,0,8.69378e-05,8.69378e-05
0.0112406,0,0,5.5079e-05,0,0,5.5079e-05,5.5079e-05
0,0.00818976,0,0,4.01298e-05,0,4.01298e-05,4.01298e-05
0.0132406,0.00318978,0,6.48791e-05,1.56299e-05,0,6.67352e-05,6.67352e-05
0.00224063,0.0131898,0.127119,1.09791e-05,6.46299e-05,0.000622883,0.000626323,0.000626323
0,0,0.106119,0,0,0.000519983,0.000519983,0.00114631
0.0982406,0.0411898,0,0.000481379,0.00020183,0,0.000521978,0.000521978
0,0.0951898,0.0991188,0,0.00046643,0.000485682,0.000673383,0.000673383
0.144241,0.0951898,0.196119,0.000706779,0.00046643,0.000960983,0.00128085,0.00128085
0.0222406,0.0101898,0.126119,0.000108979,4.99299e-05,0.000617982,0.000629501,0.00191035
0,0,0.153119,0,0,0.000750283,0.000750283,0.00266064
0.0262406,0.0161898,0.0801188,0.000128579,7.93299e-05,0.000392582,0.00042065,0.00042065
0,0,0.038119,0,0,0.000186783,0.000186783,0.000607433
0,0.0521898,0,0,0.00025573,0,0.00025573,0.00025573
0.00324062,0.0701898,0,1.5879e-05,0.00034393,0,0.000344296,0.000344296
0.0172406,0.0551898,0.0411188,8.4479e-05,0.00027043,0.000201482,0.000347655,0.000347655
0,0.0261898,0.170119,0,0.00012833,0.000833583,0.000843403,0.00119106
0,0.0251898,0.0211188,0,0.00012343,0.000103482,0.00016107,0.00016107
0.0422406,0.00618978,0,0.000206979,3.03299e-05,0,0.000209189,0.000209189
0,0,0.0761188,0,0,0.000372982,0.000372982,0.000372982
0.0172406,0.0351898,0,8.4479e-05,0.00017243,0,0.000192012,0.000192012
0,0.13719,0.223119,0,0.00067223,0.00109328,0.00128342,0.00128342
0.00824062,0.0481898,0.242119,4.0379e-05,0.00023613,0.00118638,0.00121033,0.00121033
0.00824062,0.0471898,0,4.0379e-05,0.00023123,0,0.000234729,0.000234729
0,0.0351898,0.0661189,0,0.00017243,0.000323982,0.00036701,0.00036701
0,0.0471898,0.340119,0,0.00023123,0.00166658,0.00168255,0.00168255
0,0.14619,0.541119,0,0.00071633,0.00265148,0.00274654,0.00274654
0,0.0251898,0.200119,0,0.00012343,0.000980582,0.000988319,0.000988319
0.0102406,0,0.164119,5.0179e-05,0,0.000804182,0.000805746,0.000805746
0,0,0.0321187,0,0,0.000157382,0.000157382,0.000157382
0.0202406,0,0,9.91791e-05,0,0,9.91791e-05,9.91791e-05
0,0.10519,0,0,0.00051543,0,0.00051543,0.00051543
0,0,0.146119,0,0,0.000715983,0.000715983,0.000715983
0,0,0.0331189,0,0,0.000162282,0.000162282,0.000162282
0,0.00818976,0,0,4.01298e-05,0,4.01298e-05,4.01298e-05
0,0.0201898,0,0,9.89299e-05,0,9.89299e-05,9.89299e-05
0.00424062,0,0,2.0779e-05,0,0,2.0779e-05,2.0779e-05
0.0112406,0.0551898,0.0161189,5.5079e-05,0.00027043,7.89826e-05,0.000287061,0.000287061
0,0.0261898,0,0,0.00012833,0,0.00012833,0.000415391
0.0502406,0,0,0.000246179,0,0,0.000246179,0.000246179
0.00724062,0.10319,0.217119,3.5479e-05,0.00050563,0.00106388,0.00117846,0.00117846
0.0152406,0.0391898,0.130119,7.4679e-05,0.00019203,0.000637583,0.000670048,0.00184851
0.0322406,0,0.0591189,0.000157979,0,0.000289683,0.00032996,0.00217847
0.0232406,0,0.0261189,0.000113879,0,0.000127983,0.000171312,0.000171312
0,0.0571898,0.274119,0,0.00028023,0.00134318,0.0013721,0.0013721
0,0,0.0151187,0,0,7.40818e-05,7.40818e-05,7.40818e-05
0.0212406,0,0,0.000104079,0,0,0.000104079,0.000104079
0,0.0301898,0.0881189,0,0.00014793,0.000431783,0.00045642,0.00045642
0,0,0.074119,0,0,0.000363183,0.000363183,0.000363183
0,0.0611898,0.111119,0,0.00029983,0.000544483,0.000621578,0.000621578
0.0122406,0.0211898,0.038119,5.9979e-05,0.00010383,0.000186783,0.000221959,0.000221959
0,0,0.00711907,0,0,3.48834e-05,3.48834e-05,0.000256843
0,0.0561898,0,0,0.00027533,0,0.00027533,0.00027533
0,0,0.0881187,0,0,0.000431782,0.000431782,0.000431782
0.0182406,0,0,8.93791e-05,0,0,8.93791e-05,8.93791e-05
0.0222406,0,0.0101189,0.000108979,0,4.95824e-05,0.000119728,0.000119728
0,0.00318977,0,0,1.56299e-05,0,1.56299e-05,1.56299e-05
0,0.0291898,0,0,0.00014303,0,0.00014303,0.00014303
0,0.0261898,0.0851189,0,0.00012833,0.000417083,0.000436379,0.000436379
0,0.0181898,0.00411881,0,8.91299e-05,2.01822e-05,9.13864e-05,9.13864e-05
0.0152406,0.0381898,0.202119,7.4679e-05,0.00018713,0.000990382,0.00101067,0.00101067
0.000240617,0,0.0921189,1.17902e-06,0,0.000451383,0.000451384,0.00146205
0,0.0161898,0.0721189,0,7.93299e-05,0.000353383,0.000362177,0.000362177
0.00724062,0.00818978,0,3.54791e-05,4.01299e-05,0,5.35647e-05,5.35647e-05
0.00124062,0,0,6.07903e-06,0,0,6.07903e-06,6.07903e-06
0.0242406,0.00518977,0,0.000118779,2.54299e-05,0,0.000121471,0.000121471
0.000240617,0,0.015119,1.17902e-06,0,7.40829e-05,7.40923e-05,7.40923e-05
0.0132406,0.0341898,0.0481187,6.48791e-05,0.00016753,0.000235782,0.000296426,0.000296426
0.0422406,0,0.0761188,0.000206979,0,0.000372982,0.000426563,0.00072299
0.00224062,0.0211898,0.0361189,1.0979e-05,0.00010383,0.000176983,0.000205485,0.000205485
0,0.00818976,0.00511898,0,4.01298e-05,2.5083e-05,4.7324e-05,0.000252809
0,0.0401898,0,0,0.00019693,0,0.00019693,0.00019693
0,0.0461898,0,0,0.00022633,0,0.00022633,0.00022633
0,0.0491898,0.165119,0,0.00024103,0.000809082,0.000844221,0.000844221
0.0872406,0.0651898,0.272119,0.000427479,0.00031943,0.00133338,0.0014362,0.0014362
0,0.0451898,0.124119,0,0.00022143,0.000608182,0.000647237,0.00208344
0,0.0261898,0.0501188,0,0.00012833,0.000245582,0.000277091,0.000277091
0,0,0.0101189,0,0,4.95824e-05,4.95824e-05,4.95824e-05
0,0.0541898,0,0,0.00026553,0,0.00026553,0.00026553
0.0102406,0,0,5.0179e-05,0,0,5.0179e-05,5.0179e-05
0,0.0131898,0.0271188,0,6.46299e-05,0.000132882,0.000147766,0.000147766
0,0.0171898,0.0221189,0,8.42299e-05,0.000108383,0.000137264,0.000137264
0,0.0861898,0.165119,0,0.00042233,0.000809082,0.000912676,0.000912676
0.0272406,0,0,0.000133479,0,0,0.000133479,0.000133479
0.0692406,0.0651898,0.0261189,0.000339279,0.00031943,0.000127983,0.000483245,0.000483245
0.0132406,0.0131898,0,6.4879e-05,6.46299e-05,0,9.15768e-05,0.000574821
0,0.00918978,0,0,4.50299e-05,0,4.50299e-05,4.50299e-05
0.0172406,0.0291898,0,8.4479e-05,0.00014303,0,0.000166115,0.000166115
0,0.0511898,0.142119,0,0.00025083,0.000696383,0.000740179,0.000740179
0.0102406,0,0.0801188,5.01791e-05,0,0.000392582,0.000395776,0.000395776
0.00724062,0,0,3.54791e-05,0,0,3.54791e-05,3.54791e-05
0.0182406,0.0721898,0.0391189,8.9379e-05,0.00035373,0.000191683,0.000412135,0.000412135
0.00724062,0.0301898,0,3.5479e-05,0.00014793,0,0.000152125,0.00056426
0.0272406,0.00618977,0,0.000133479,3.03299e-05,0,0.000136882,0.000136882
0.0432406,0,0,0.000211879,0,0,0.000211879,0.000211879
0.0152406,0,0,7.4679e-05,0,0,7.4679e-05,7.4679e-05
0.0522406,0.0971898,0.0661189,0.000255979,0.00047623,0.000323982,0.000630305,0.000630305
0.0122406,0.0511898,0.0821189,5.9979e-05,0.00025083,0.000402383,0.000477938,0.000477938
0.00124062,0,0,6.07903e-06,0,0,6.07903e-06,6.07903e-06
0.0422406,0.0571898,0,0.000206979,0.00028023,0,0.000348381,0.000348381
0.0132406,0,0,6.48791e-05,0,0,6.48791e-05,6.48791e-05
0.0182406,0,0,8.93791e-05,0,0,8.93791e-05,8.93791e-05
0,0,0.123119,0,0,0.000603283,0.000603283,0.000603283
0,0.0121898,0.0631191,0,5.97299e-05,0.000309283,0.000314998,0.000314998
0.0292406,0,0.0531188,0.000143279,0,0.000260282,0.000297112,0.000297112
0,0.0251898,0,0,0.00012343,0,0.00012343,0.00012343
0.0372406,0,0.00911893,0.000182479,0,4.46827e-05,0.00018787,0.00018787
0,0,0.041119,0,0,0.000201483,0.000201483,0.000201483
0,0.0201898,0.144119,0,9.89299e-05,0.000706183,0.000713079,0.000713079
0.0102406,0,0,5.01791e-05,0,0,5.01791e-05,5.01791e-05
0.00924062,0,0,4.5279e-05,0,0,4.5279e-05,4.5279e-05
0,0,0.141119,0,0,0.000691483,0.000691483,0.000691483
0,0,0.320119,0,0,0.00156858,0.00156858,0.00156858
0.00824061,0.0101898,0.000118863,4.0379e-05,4.99299e-05,5.82428e-07,6.42168e-05,6.42168e-05
0.0152406,0.00118978,0.090119,7.4679e-05,5.82992e-06,0.000441583,0.000447891,0.000512108
0,0.10319,0.380119,0,0.00050563,0.00186258,0.00192999,0.0024421
0,0.0381898,0.080119,0,0.00018713,0.000392583,0.000434901,0.000434901
0,0,0.156119,0,0,0.000764982,0.000764982,0.000764982
0,0,0.0951189,0,0,0.000466083,0.000466083,0.000466083
0.00524062,0,0,2.5679e-05,0,0,2.5679e-05,2.5679e-05
0.00424062,0.0321898,0.212119,2.0779e-05,0.00015773,0.00103938,0.00105149,0.00105149
0,0.0191898,0.0461189,0,9.40299e-05,0.000225982,0.000244765,0.00129625
0.0272406,0,0,0.000133479,0,0,0.000133479,0.000133479
0.0142406,0.0281898,0,6.9779e-05,0.00013813,0,0.000154755,0.000154755
0,0.0221898,0.077119,0,0.00010873,0.000377883,0.000393215,0.000393215
0,0.0261898,0.198119,0,0.00012833,0.000970782,0.000979228,0.000979228
0,0.00718978,0.0321189,0,3.52299e-05,0.000157383,0.000161278,0.000161278
0.00724062,0,0,3.5479e-05,0,0,3.5479e-05,3.5479e-05
0.0192406,0.0301898,0,9.4279e-05,0.00014793,0,0.000175419,0.000175419
0,0.00118976,0.0851189,0,5.82984e-06,0.000417083,0.000417123,0.000417123
0.0982406,0.0401898,0.0451187,0.000481379,0.00019693,0.000221082,0.000565141,0.000565141
0,0.0291898,0.0751189,0,0.00014303,0.000368083,0.000394895,0.000960036
0.00824061,0.00218978,0,4.0379e-05,1.07299e-05,0,4.17803e-05,4.17803e-05
0,0.0421898,0.133119,0,0.00020673,0.000652282,0.000684258,0.000684258
0.00824062,0.0791898,0.186119,4.0379e-05,0.00038803,0.000911983,0.000991923,0.000991923
0,0.00418977,0,0,2.05299e-05,0,2.05299e-05,0.00101245
0.0182406,0.0531898,0.015119,8.9379e-05,0.00026063,7.40829e-05,0.000285315,0.000285315
0.0122406,0,0,5.9979e-05,0,0,5.9979e-05,0.000345294
0,0.0501898,0.234119,0,0.00024593,0.00114718,0.00117325,0.00117325
0.0152406,0,0,7.46791e-05,0,0,7.46791e-05,7.46791e-05
0.0142406,0.0321898,0.234119,6.9779e-05,0.00015773,0.00114718,0.00116008,0.00116008
0,0,0.127119,0,0,0.000622883,0.000622883,0.000622883
0.0232406,0.0301898,0.143119,0.000113879,0.00014793,0.000701283,0.000725706,0.000725706
0,0.0381898,0.00111879,0,0.00018713,5.48207e-06,0.00018721,0.00018721
0,0.0671898,0.241119,0,0.00032923,0.00118148,0.0012265,0.0012265
0,0.0401898,0.0201188,0,0.00019693,9.85823e-05,0.000220227,0.000220227
0.0492406,0.0491898,0.093119,0.000241279,0.00024103,0.000456283,0.000569654,0.000569654
0.0202406,0,0,9.91791e-05,0,0,9.91791e-05,0.000668833
0.0122406,0.0391898,0.163119,5.9979e-05,0.00019203,0.000799283,0.000824213,0.000824213
0,0,0.00411905,0,0,2.01833e-05,2.01833e-05,2.01833e-05
0.00424063,0,0,2.07791e-05,0,0,2.07791e-05,2.07791e-05
0.0142406,0.0221898,0,6.9779e-05,0.00010873,0,0.000129195,0.000129195
0.00824062,0.00218978,0.0361189,4.0379e-05,1.07299e-05,0.000176983,0.000181847,0.000181847
0,0.0561898,0.212119,0,0.00027533,0.00103938,0.00107523,0.00125708
0,0,0.0221189,0,0,0.000108383,0.000108383,0.000108383
0,0,0.097119,0,0,0.000475883,0.000475883,0.000475883
0.0262406,0.0271898,0,0.000128579,0.00013323,0,0.000185156,0.000185156
0,0.00418977,0,0,2.05299e-05,0,2.05299e-05,2.05299e-05
0.00824063,0,0,4.03791e-05,0,0,4.03791e-05,4.03791e-05
0.00224062,0,0,1.0979e-05,0,0,1.0979e-05,1.0979e-05
0,0.00218977,0,0,1.07299e-05,0,1.07299e-05,1.07299e-05
0.00424063,0.0161898,0,2.07791e-05,7.93299e-05,0,8.20061e-05,8.20061e-05
0,0.0201898,0.0871188,0,9.89299e-05,0.000426882,0.000438196,0.000438196
0,0.00118978,0.0161189,0,5.82992e-06,7.89826e-05,7.91975e-05,7.91975e-05
0.0102406,0,0,5.01791e-05,0,0,5.01791e-05,5.01791e-05
0.00424062,0,0,2.0779e-05,0,0,2.0779e-05,2.0779e-05
0,0,0.011119,0,0,5.44832e-05,5.44832e-05,5.44832e-05
0,0,0.0181188,0,0,8.87819e-05,8.87819e-05,8.87819e-05
0.00524062,0.00218977,0,2.5679e-05,1.07299e-05,0,2.78306e-05,2.78306e-05
0.0112406,0,0,5.5079e-05,0,0,5.5079e-05,5.5079e-05
0,0.00518977,0.0201188,0,2.54299e-05,9.85823e-05,0.000101809,0.000101809
0.00624062,0,0.0061189,3.05791e-05,0,2.99826e-05,4.28257e-05,4.28257e-05
0.00124062,0,0,6.07903e-06,0,0,6.07903e-06,6.07903e-06
0.00124062,0,0,6.07903e-06,0,0,6.07903e-06,6.07903e-06
0,0.00218978,0,0,1.07299e-05,0,1.07299e-05,1.07299e-05
0.00224062,0,0,1.0979e-05,0,0,1.0979e-05,1.0979e-05
0.000240617,0,0,1.17902e-06,0,0,1.17902e-06,1.17902e-06
0.0102406,0,0.0221189,5.01791e-05,0,0.000108383,0.000119435,0.000119435
0,0,0.00511898,0,0,2.5083e-05,2.5083e-05,2.5083e-05
0.00324062,0.000189777,0,1.58791e-05,9.29906e-07,0,1.59063e-05,1.59063e-05
0,0,0.0101189,0,0,4.95824e-05,4.95824e-05,4.95824e-05
0.00424062,0,0,2.0779e-05,0,0,2.0779e-05,2.0779e-05
0,0,0.0181188,0,0,8.87819e-05,8.87819e-05,8.87819e-05
0.00424062,0,0,2.0779e-05,0,0,2.0779e-05,2.0779e-05
0.00924062,0.000189777,0,4.5279e-05,9.29906e-07,0,4.52886e-05,4.52886e-05
0,0.00418977,0.0121187,0,2.05299e-05,5.93817e-05,6.28304e-05,6.28304e-05
0,0,0.000118863,0,0,5.82428e-07,5.82428e-07,5.82428e-07
0.000240617,0.00318977,0,1.17902e-06,1.56299e-05,0,1.56743e-05,1.56743e-05
0,0.00918976,0.0961188,0,4.50299e-05,0.000470982,0.00047313,0.00047313
0,0.00318978,0,0,1.56299e-05,0,1.56299e-05,1.56299e-05
0,0.00418977,0.008119,0,2.05299e-05,3.97831e-05,4.4768e-05,4.4768e-05
0.0232406,0.00618977,0.0191189,0.000113879,3.03299e-05,9.36827e-05,0.000150548,0.000150548
0.0242406,0,0.087119,0.000118779,0,0.000426883,0.0004431,0.000593648
0,0.0241898,0.139119,0,0.00011853,0.000681682,0.00069191,0.00069191
0,0.0101898,0.097119,0,4.99299e-05,0.000475883,0.000478495,0.000478495
0.00224062,0,0.0391189,1.0979e-05,0,0.000191683,0.000191997,0.000191997
0,0.0251898,0,0,0.00012343,0,0.00012343,0.00012343
0,0.0131898,0,0,6.46299e-05,0,6.46299e-05,6.46299e-05
0,0.000189777,0.0211188,0,9.29906e-07,0.000103482,0.000103486,0.000103486
0.0892406,0.16119,0.522119,0.000437279,0.00078983,0.00255838,0.002713,0.002713
0.0162406,0,0.379119,7.9579e-05,0,0.00185768,0.00185939,0.00457238
0,0.0191898,0.0161189,0,9.40299e-05,7.89826e-05,0.0001228,0.0001228
0,0,0.00211896,0,0,1.03829e-05,1.03829e-05,1.03829e-05
0.00824061,0,0,4.0379e-05,0,0,4.0379e-05,4.0379e-05
0.0152406,0.0231898,0,7.46791e-05,0.00011363,0,0.000135973,0.000135973
0.0292406,0,0.000118863,0.000143279,0,5.82428e-07,0.00014328,0.00014328
0.00224061,0.0601898,0,1.0979e-05,0.00029493,0,0.000295134,0.000295134
0.00524062,0.0351898,0.232119,2.5679e-05,0.00017243,0.00113738,0.00115066,0.00115066
0.0132406,0,0.0621189,6.4879e-05,0,0.000304383,0.00031122,0.00146189
0.000240625,0,0,1.17906e-06,0,0,1.17906e-06,1.17906e-06
0.00724061,0,0,3.5479e-05,0,0,3.5479e-05,3.5479e-05
0.00024061,0.0481898,0.114119,1.17899e-06,0.00023613,0.000559183,0.000606996,0.000606996
0,0.0111898,0.157119,0,5.48299e-05,0.000769883,0.000771833,0.00137883
0,0.0271898,0.168119,0,0.00013323,0.000823782,0.000834487,0.000834487
0.0222406,0,0,0.000108979,0,0,0.000108979,0.000108979
0,0.0921898,0.0751189,0,0.00045173,0.000368083,0.000582705,0.000582705
0.0272406,0,0.077119,0.000133479,0,0.000377883,0.000400765,0.000400765
0.0152406,0,0,7.4679e-05,0,0,7.4679e-05,7.4679e-05
0.0132406,0.0101898,0,6.4879e-05,4.99299e-05,0,8.18675e-05,8.18675e-05
0,0.0251898,0.0641188,0,0.00012343,0.000314182,0.000337558,0.000337558
0.0112406,0,0,5.5079e-05,0,0,5.5079e-05,5.5079e-05
0.00624061,0.00818977,0,3.0579e-05,4.01299e-05,0,5.04528e-05,5.04528e-05
0,0.00118978,0.0851189,0,5.82992e-06,0.000417083,0.000417123,0.000417123
0,0.00218977,0.0501188,0,1.07299e-05,0.000245582,0.000245817,0.000245817
0.00924062,0.0101898,0,4.5279e-05,4.99299e-05,0,6.74031e-05,6.74031e-05
0.0142406,0,0.207119,6.97791e-05,0,0.00101488,0.00101728,0.00101728
0,0.0301898,0.292119,0,0.00014793,0.00143138,0.00143901,0.00143901
0,0.000189769,0,0,9.29869e-07,0,9.29869e-07,9.29869e-07
0,0,0.0691189,0,0,0.000338682,0.000338682,0.000338682
0.00424062,0.0101898,0,2.0779e-05,4.99299e-05,0,5.4081e-05,5.4081e-05
0,0.0371898,0.205119,0,0.00018223,0.00100508,0.00102147,0.00102147
0,0.00618977,0.0591189,0,3.03299e-05,0.000289683,0.000291266,0.000291266
0.00924062,0,0,4.5279e-05,0,0,4.5279e-05,4.5279e-05
0.0222406,0.0601898,0.100119,0.000108979,0.00029493,0.000490582,0.000582693,0.000582693
0,0.0101898,0,0,4.99299e-05,0,4.99299e-05,0.000632623
0,0,0.175119,0,0,0.000858082,0.000858082,0.000858082
0.0222406,0,0.0321189,0.000108979,0,0.000157383,0.000191431,0.000191431
0,0,0.130119,0,0,0.000637583,0.000637583,0.000637583
0,0,0.115119,0,0,0.000564083,0.000564083,0.000564083
0.0832406,0.0441898,0,0.000407879,0.00021653,0,0.000461791,0.000461791
0.0182406,0.00418978,0.143119,8.93791e-05,2.05299e-05,0.000701283,0.000707254,0.000707254
0.0742406,0.0471898,0.183119,0.000363779,0.00023123,0.000897283,0.000995449,0.000995449
0,0.00618977,0,0,3.03299e-05,0,3.03299e-05,0.00102578
0,0,0.0231189,0,0,0.000113282,0.000113282,0.000113282
0,0.0131898,0.0201188,0,6.46299e-05,9.85823e-05,0.000117879,0.000117879
0.000240617,0.00218977,0,1.17902e-06,1.07299e-05,0,1.07944e-05,1.07944e-05
0.0102406,0,0,5.01791e-05,0,0,5.01791e-05,5.01791e-05
0,0.000189777,0,0,9.29906e-07,0,9.29906e-07,9.29906e-07
0,0,0.00311888,0,0,1.52825e-05,1.52825e-05,1.52825e-05
0,0.00518977,0.00711883,0,2.54299e-05,3.48823e-05,4.31677e-05,4.31677e-05
0,0.0101898,0,0,4.99299e-05,0,4.99299e-05,4.99299e-05
0.0522406,0.0501898,0.0291189,0.000255979,0.00024593,0.000142683,0.000382577,0.000382577
0,0.0271898,0.0891189,0,0.00013323,0.000436682,0.000456554,0.000839131
0.00124062,0,0,6.07903e-06,0,0,6.07903e-06,6.07903e-06
0.0622406,0,0,0.000304979,0,0,0.000304979,0.000304979
0.00124062,0,0.0191189,6.07903e-06,0,9.36827e-05,9.38797e-05,9.38797e-05
0.0162406,0,0,7.9579e-05,0,0,7.9579e-05,7.9579e-05
0.0282406,0.0371898,0.087119,0.000138379,0.00018223,0.000426883,0.000484341,0.000484341
0,0,0.0641188,0,0,0.000314182,0.000314182,0.000798522
0.00724062,0,0,3.5479e-05,0,0,3.5479e-05,3.5479e-05
0.0562406,0.00518977,0.0601188,0.000275579,2.54299e-05,0.000294582,0.00040419,0.00040419
0.0422406,0.0721898,0.015119,0.000206979,0.00035373,7.40829e-05,0.000416477,0.000820667
0,0,0.0291189,0,0,0.000142683,0.000142683,0.00096335
0.0112406,0,0.00311888,5.5079e-05,0,1.52825e-05,5.71599e-05,5.71599e-05
0,0.0371898,0.321119,0,0.00018223,0.00157348,0.001584,0.001584
0.0252406,0,0,0.000123679,0,0,0.000123679,0.000123679
0.0142406,0,0,6.97791e-05,0,0,6.97791e-05,6.97791e-05
0.0382406,0,0.177119,0.000187379,0,0.000867883,0.00088788,0.00088788
0,0.0261898,0,0,0.00012833,0,0.00012833,0.00012833
0.0332406,0.000189777,0,0.000162879,9.29906e-07,0,0.000162882,0.000162882
0.0202406,0.0101898,0,9.91791e-05,4.99299e-05,0,0.000111038,0.000111038
0,0.0141898,0.237119,0,6.95298e-05,0.00116188,0.00116396,0.00116396
0,0.0301898,0.037119,0,0.00014793,0.000181883,0.000234446,0.000234446
0,0.0581898,0,0,0.00028513,0,0.00028513,0.00028513
0,0,0.102119,0,0,0.000500383,0.000500383,0.000500383
0,0.0141898,0.169119,0,6.95299e-05,0.000828683,0.000831595,0.000831595
0.00124062,0,0.0651189,6.07903e-06,0,0.000319083,0.000319141,0.000319141
0.00724062,0.0481898,0.0921189,3.5479e-05,0.00023613,0.000451383,0.000510649,0.000510649
0.00324062,0.0111898,0.0451189,1.58791e-05,5.48299e-05,0.000221083,0.000228333,0.000738982
0,0.00318977,0,0,1.56299e-05,0,1.56299e-05,0.000754612
0.0132406,0,0,6.4879e-05,0,0,6.4879e-05,6.4879e-05
0.00224062,0.0101898,0.0531191,1.0979e-05,4.99299e-05,0.000260284,0.000265257,0.000265257
0.0332406,0,0,0.000162879,0,0,0.000162879,0.000428136
0.0222406,0,0.0421189,0.000108979,0,0.000206383,0.000233389,0.000233389
0,0,0.155119,0,0,0.000760082,0.000760082,0.000760082
0.00724062,0.00918977,0.054119,3.5479e-05,4.50299e-05,0.000265183,0.000271309,0.000271309
0.0242406,0,0,0.000118779,0,0,0.000118779,0.000390088
0.0552406,0,0,0.000270679,0,0,0.000270679,0.000270679
0.0292406,0.0231898,0.0811187,0.000143279,0.00011363,0.000397482,0.00043753,0.00043753
0,0,0.0461189,0,0,0.000225982,0.000225982,0.000663512
0,0.0121898,0.140119,0,5.97299e-05,0.000686582,0.000689175,0.000689175
0,0.0191898,0,0,9.40299e-05,0,9.40299e-05,9.40299e-05
0.00924061,0.0151898,0,4.5279e-05,7.44299e-05,0,8.71206e-05,8.71206e-05
0.00624061,0.0151898,0,3.0579e-05,7.44299e-05,0,8.04667e-05,8.04667e-05
0,0,0.106119,0,0,0.000519982,0.000519982,0.000519982
0,0.00618977,0.124119,0,3.03299e-05,0.000608182,0.000608938,0.000608938
0,0,0.0531188,0,0,0.000260282,0.000260282,0.000260282
0,0.0311898,0.204119,0,0.00015283,0.00100018,0.00101179,0.00101179
0,0,0.015119,0,0,7.40829e-05,7.40829e-05,7.40829e-05
0.00124061,0.0261898,0,6.079e-06,0.00012833,0,0.000128474,0.000128474
0,0.00918978,0.00511898,0,4.50299e-05,2.5083e-05,5.15446e-05,5.15446e-05
0,0.0261898,0.0761188,0,0.00012833,0.000372982,0.000394442,0.000394442
0.000240617,0,0,1.17902e-06,0,0,1.17902e-06,1.17902e-06
0.0122406,0,0,5.9979e-05,0,0,5.9979e-05,5.9979e-05
0.0392406,0,0,0.000192279,0,0,0.000192279,0.000192279
0.0572406,0.0151898,0,0.000280479,7.44299e-05,0,0.000290187,0.000290187
0,0.0601898,0.149119,0,0.00029493,0.000730682,0.000787959,0.000787959
0,0.00518977,0.0601188,0,2.54299e-05,0.000294582,0.000295678,0.000295678
0.0282406,0,0,0.000138379,0,0,0.000138379,0.000138379
0,0.00118978,0,0,5.82992e-06,0,5.82992e-06,5.82992e-06
0.0102406,0.00918976,0,5.01791e-05,4.50299e-05,0,6.74212e-05,6.74212e-05
0.0322406,0.0111898,0,0.000157979,5.48299e-05,0,0.000167223,0.000167223
0.00424062,0,0.0801188,2.0779e-05,0,0.000392582,0.000393132,0.000393132
0,0,0.302119,0,0,0.00148038,0.00148038,0.00148038
0,0,0.0701188,0,0,0.000343582,0.000343582,0.000343582
0,0.00718978,0.041119,0,3.52299e-05,0.000201483,0.00020454,0.00020454
0,0.00618977,0.276119,0,3.03299e-05,0.00135298,0.00135332,0.00135332
0,0.0131898,0.021119,0,6.46299e-05,0.000103483,0.000122007,0.000122007
0,0,0.175119,0,0,0.000858082,0.000858082,0.000858082
0.00824062,0,0.0361189,4.0379e-05,0,0.000176983,0.00018153,0.00018153
0,0.00318977,0.0671188,0,1.56299e-05,0.000328882,0.000329253,0.000329253
0,0.0731898,0.370119,0,0.00035863,0.00181358,0.0018487,0.0018487
0,0,0.0961188,0,0,0.000470982,0.000470982,0.000470982
0.0212406,0,0.0131189,0.000104079,0,6.42825e-05,0.00012233,0.00012233
0.0162406,0.0181898,0.102119,7.9579e-05,8.91299e-05,0.000500383,0.000514451,0.000514451
0,0,0.144119,0,0,0.000706183,0.000706183,0.00122063
0.0172406,0,0,8.4479e-05,0,0,8.4479e-05,8.4479e-05
0,0.0551898,0.268119,0,0.00027043,0.00131378,0.00134133,0.00134133
0,0.0201898,0.158119,0,9.89299e-05,0.000774783,0.000781073,0.000781073
0,0,0.166119,0,0,0.000813982,0.000813982,0.000813982
0,0,0.0681189,0,0,0.000333783,0.000333783,0.000333783
0.0222406,0.00618977,0,0.000108979,3.03299e-05,0,0.000113121,0.000113121
0,0,0.00911869,0,0,4.46816e-05,4.46816e-05,4.46816e-05
0.00224061,0,0,1.0979e-05,0,0,1.0979e-05,1.0979e-05
0.000240617,0,0,1.17902e-06,0,0,1.17902e-06,1.17902e-06
0,0,0.290119,0,0,0.00142158,0.00142158,0.00142158
0.0362406,0.0151898,0,0.000177579,7.44298e-05,0,0.000192546,0.000192546
0.00824062,0.0501898,0.077119,4.0379e-05,0.00024593,0.000377883,0.000452667,0.000452667
0.00324062,0.00618977,0.00211896,1.5879e-05,3.03299e-05,1.03829e-05,3.5775e-05,0.000488442
0,0.0871898,0.018119,0,0.00042723,8.87831e-05,0.000436357,0.0009248
0,0.0381898,0.070119,0,0.00018713,0.000343583,0.000391238,0.000391238
0,0.00918977,0,0,4.50299e-05,0,4.50299e-05,4.50299e-05
0.000240617,0.0101898,0.223119,1.17902e-06,4.99299e-05,0.00109328,0.00109442,0.00109442
0.00224061,0.0171898,0.0191189,1.0979e-05,8.42299e-05,9.36827e-05,0.000126458,0.00122088
0.0112406,0,0,5.5079e-05,0,0,5.5079e-05,5.5079e-05
0,0.0321898,0,0,0.00015773,0,0.00015773,0.00015773
0,0.0191898,0,0,9.40299e-05,0,9.40299e-05,9.40299e-05
0,0,0.140119,0,0,0.000686583,0.000686583,0.000686583
0,0.0581898,0.261119,0,0.00028513,0.00127948,0.00131087,0.00131087
0,0.0541898,0.291119,0,0.00026553,0.00142648,0.00145098,0.00145098
0,0,0.101119,0,0,0.000495482,0.000495482,0.000495482
0.0132406,0,0.212119,6.4879e-05,0,0.00103938,0.00104141,0.00104141
0.00424062,0,0,2.0779e-05,0,0,2.0779e-05,2.0779e-05
0,0,0.0101189,0,0,4.95824e-05,4.95824e-05,4.95824e-05
0.00124062,0,0,6.07903e-06,0,0,6.07903e-06,6.07903e-06
0,0.0401898,0.128119,0,0.00019693,0.000627783,0.000657946,0.000657946
0,0.00918978,0,0,4.50299e-05,0,4.50299e-05,4.50299e-05
0.0102406,0,0,5.0179e-05,0,0,5.0179e-05,5.0179e-05
0,0.00518977,0.037119,0,2.54299e-05,0.000181883,0.000183652,0.000183652
0,0.0391898,0.263119,0,0.00019203,0.00128928,0.0013035,0.0013035
0,0.0491898,0.0821189,0,0.00024103,0.000402383,0.000469049,0.000469049
0.000240625,0,0,1.17906e-06,0,0,1.17906e-06,1.17906e-06
0,0,0.0481187,0,0,0.000235782,0.000235782,0.000235782
0.0102406,0,0.015119,5.01791e-05,0,7.40829e-05,8.94775e-05,8.94775e-05
0.000240617,0,0.00411881,1.17902e-06,0,2.01822e-05,2.02166e-05,2.02166e-05
0,0,0.160119,0,0,0.000784582,0.000784582,0.000784582
0.0192406,0,0.193119,9.42791e-05,0,0.000946283,0.000950968,0.000950968
0,0,0.064119,0,0,0.000314183,0.000314183,0.000314183
0.0242406,0.00318977,0,0.000118779,1.56299e-05,0,0.000119803,0.000119803
0.00724062,0.0341898,0.131119,3.5479e-05,0.00016753,0.000642483,0.000664913,0.000664913
0.0632406,0.0581898,0.433119,0.000309879,0.00028513,0.00212228,0.00216366,0.00282857
0,0,0.108119,0,0,0.000529783,0.000529783,0.00335835
0.0122406,0,0,5.9979e-05,0,0,5.9979e-05,5.9979e-05
0,0.0181898,0,0,8.91299e-05,0,8.91299e-05,8.91299e-05
0.0312406,0.0671898,0.175119,0.000153079,0.00032923,0.000858083,0.000931736,0.000931736
0.00224062,0,0,1.0979e-05,0,0,1.0979e-05,0.000942716
0.0162406,0,0,7.9579e-05,0,0,7.9579e-05,7.9579e-05
0.0572406,0,0,0.000280479,0,0,0.000280479,0.000280479
0.0132406,0.0131898,0,6.48791e-05,6.46299e-05,0,9.15768e-05,9.15768e-05
0.0232406,0.0641898,0,0.000113879,0.00031453,0,0.000334511,0.000334511
0.0122406,0,0,5.9979e-05,0,0,5.9979e-05,5.9979e-05
0.0422406,0,0,0.000206979,0,0,0.000206979,0.000206979
0,0.0611898,0.301119,0,0.00029983,0.00147548,0.00150564,0.00150564
0.0122406,0,0.279119,5.9979e-05,0,0.00136768,0.001369,0.001369
0,0,0.140119,0,0,0.000686583,0.000686583,0.000686583
0.0112406,0,0,5.50791e-05,0,0,5.50791e-05,5.50791e-05
0,0.0191898,0.0571188,0,9.403e-05,0.000279882,0.000295255,0.000295255
0,0.000189777,0.529119,0,9.29906e-07,0.00259268,0.00259268,0.00259268
0,0,0.213119,0,0,0.00104428,0.00104428,0.00104428
0.0492406,0,0,0.000241279,0,0,0.000241279,0.000241279
0.0282406,0,0,0.000138379,0,0,0.000138379,0.000138379
0.0332406,0,0,0.000162879,0,0,0.000162879,0.000162879
0,0.00518977,0,0,2.54299e-05,0,2.54299e-05,2.54299e-05
0,0,0.00111879,0,0,5.48207e-06,5.48207e-06,5.48207e-06
0,0.0211898,0.0631188,0,0.00010383,0.000309282,0.000326246,0.000326246
0.0472406,0.0511898,0,0.000231479,0.00025083,0,0.000341318,0.000341318
0.0452406,0,0,0.000221679,0,0,0.000221679,0.000221679
0,0,0.0891189,0,0,0.000436682,0.000436682,0.000436682
0.0112406,0,0.0131189,5.5079e-05,0,6.42825e-05,8.46519e-05,8.46519e-05
0,0,0.000118863,0,0,5.82428e-07,5.82428e-07,5.82428e-07
0.000240617,0,0,1.17902e-06,0,0,1.17902e-06,1.17902e-06
0,0.00418977,0,0,2.05299e-05,0,2.05299e-05,2.05299e-05
0,0.00618977,0,0,3.03299e-05,0,3.03299e-05,3.03299e-05
0.000240617,0.00318978,0,1.17902e-06,1.56299e-05,0,1.56743e-05,1.56743e-05
0.0102406,0.000189777,0,5.0179e-05,9.29906e-07,0,5.01876e-05,5.01876e-05
0,0.00318977,0,0,1.56299e-05,0,1.56299e-05,1.56299e-05
0.0112406,0,0.0311188,5.5079e-05,0,0.000152482,0.000162125,0.000162125
0.00224062,0,0,1.0979e-05,0,0,1.0979e-05,1.0979e-05
0.00124062,0.0611898,0.205119,6.07903e-06,0.00029983,0.00100508,0.00104887,0.00104887
0.00424062,0.0251898,0.194119,2.0779e-05,0.00012343,0.000951183,0.000959383,0.00200825
0,0,0.057119,0,0,0.000279883,0.000279883,0.000279883
0.0312406,0,0.0151187,0.000153079,0,7.40818e-05,0.000170063,0.000170063
0.00124061,0,0,6.079e-06,0,0,6.079e-06,6.079e-06
0,0.00718976,0,0,3.52298e-05,0,3.52298e-05,3.52298e-05
0,0.00318977,0,0,1.56299e-05,0,1.56299e-05,1.56299e-05
0,0.00618977,0,0,3.03299e-05,0,3.03299e-05,3.03299e-05
0.00324062,0,0.0111188,1.5879e-05,0,5.4482e-05,5.67489e-05,5.67489e-05
0,0,0.000118863,0,0,5.82428e-07,5.82428e-07,5.82428e-07
0.00124061,0,0,6.079e-06,0,0,6.079e-06,6.079e-06
0,0.00218978,0,0,1.07299e-05,0,1.07299e-05,1.07299e-05
0.00324062,0.00618977,0.038119,1.5879e-05,3.03299e-05,0.000186783,0.000189894,0.000189894
0.0882406,0.0261898,0,0.000432379,0.00012833,0,0.000451021,0.000640916
0.0952406,0,0.110119,0.000466679,0,0.000539583,0.0007134,0.0007134
0,0.0721898,0,0,0.00035373,0,0.00035373,0.00035373
0,0.00818978,0.0311188,0,4.01299e-05,0.000152482,0.000157674,0.000157674
0.0352406,0,0.0101189,0.000172679,0,4.95824e-05,0.000179657,0.000179657
0.0122406,0.000189777,0,5.9979e-05,9.29906e-07,0,5.99862e-05,5.99862e-05
0.00424062,0,0.000118863,2.0779e-05,0,5.82428e-07,2.07872e-05,2.07872e-05
0,0.00318977,0,0,1.56299e-05,0,1.56299e-05,1.56299e-05
0.00224063,0,0,1.09791e-05,0,0,1.09791e-05,1.09791e-05
0.00324062,0,0,1.5879e-05,0,0,1.5879e-05,1.5879e-05
0,0,0.0061189,0,0,2.99826e-05,2.99826e-05,2.99826e-05
0,0,0.00411881,0,0,2.01822e-05,2.01822e-05,2.01822e-05
0,0.0141898,0.000118863,0,6.95299e-05,5.82428e-07,6.95323e-05,6.95323e-05
0,0.0161898,0,0,7.93299e-05,0,7.93299e-05,7.93299e-05
0,0.000189762,0,0,9.29833e-07,0,9.29833e-07,9.29833e-07
0.00124063,0,0,6.07907e-06,0,0,6.07907e-06,6.07907e-06
0,0.000189777,0,0,9.29906e-07,0,9.29906e-07,9.29906e-07
0.00224063,0,0,1.09791e-05,0,0,1.09791e-05,1.09791e-05
0.0172406,0,0,8.4479e-05,0,0,8.4479e-05,8.4479e-05
0.000240625,0,0,1.17906e-06,0,0,1.17906e-06,1.17906e-06
0.00024061,0,0,1.17899e-06,0,0,1.17899e-06,1.17899e-06
0.00224063,0,0,1.09791e-05,0,0,1.09791e-05,1.09791e-05
0.00424062,0,0,2.0779e-05,0,0,2.0779e-05,2.0779e-05
0,0.00118978,0,0,5.82992e-06,0,5.82992e-06,5.82992e-06
0,0,0.00111879,0,0,5.48207e-06,5.48207e-06,5.48207e-06
0.000240625,0.00118976,0,1.17906e-06,5.82984e-06,0,5.94788e-06,5.94788e-06
0,0.00318977,0,0,1.56299e-05,0,1.56299e-05,1.56299e-05
0,0.0121898,0,0,5.97298e-05,0,5.97298e-05,5.97298e-05
0,0,0.00911893,0,0,4.46827e-05,4.46827e-05,4.46827e-05
0.000240625,0,0,1.17906e-06,0,0,1.17906e-06,1.17906e-06
0.00324062,0.00218977,0,1.5879e-05,1.07299e-05,0,1.91644e-05,1.91644e-05
0.0152406,0.000189777,0,7.46791e-05,9.29906e-07,0,7.46849e-05,7.46849e-05
0.00224062,0.00318978,0.00611867,1.0979e-05,1.56299e-05,2.99815e-05,3.55489e-05,3.55489e-05
0,0.00318977,0,0,1.56299e-05,0,1.56299e-05,5.11787e-05
0,0.00818978,0,0,4.01299e-05,0,4.01299e-05,4.01299e-05
0.000240625,0,0,1.17906e-06,0,0,1.17906e-06,1.17906e-06
0.0102406,0,0,5.0179e-05,0,0,5.0179e-05,5.0179e-05
0,0.00218977,0,0,1.07299e-05,0,1.07299e-05,1.07299e-05
0,0.00318977,0,0,1.56299e-05,0,1.56299e-05,1.56299e-05
0,0.000189777,0,0,9.29906e-07,0,9.29906e-07,9.29906e-07
0,0.000189769,0,0,9.29869e-07,0,9.29869e-07,9.29869e-07
0,0,0.0201188,0,0,9.85823e-05,9.85823e-05,9.85823e-05
0,0.00218977,0,0,1.07299e-05,0,1.07299e-05,1.07299e-05
0.0272406,0,0,0.000133479,0,0,0.000133479,0.000133479
0,0.000189762,0,0,9.29833e-07,0,9.29833e-07,9.29833e-07
0,0.00218978,0,0,1.07299e-05,0,1.07299e-05,1.07299e-05
0,0.00418977,0,0,2.05299e-05,0,2.05299e-05,2.05299e-05
0,0.00518977,0.0451189,0,2.54299e-05,0.000221083,0.000222541,0.000222541
0,0.00418977,0.0561189,0,2.05299e-05,0.000274982,0.000275748,0.000275748
0,0.000189777,0,0,9.29906e-07,0,9.29906e-07,9.29906e-07
0,0.00918978,0,0,4.50299e-05,0,4.50299e-05,4.50299e-05
0,0.000189762,0,0,9.29833e-07,0,9.29833e-07,9.29833e-07
0,0.00318977,0,0,1.56299e-05,0,1.56299e-05,1.56299e-05
0,0.000189777,0,0,9.29906e-07,0,9.29906e-07,9.29906e-07
0.00024061,0,0,1.17899e-06,0,0,1.17899e-06,1.17899e-06
0.000240625,0,0,1.17906e-06,0,0,1.17906e-06,1.17906e-06
0,0.00118976,0.00111879,0,5.82984e-06,5.48207e-06,8.00251e-06,8.00251e-06
0,0.000189762,0,0,9.29833e-07,0,9.29833e-07,9.29833e-07
0,0.000189777,0,0,9.29906e-07,0,9.29906e-07,9.29906e-07
0.00024061,0,0,1.17899e-06,0,0,1.17899e-06,1.17899e-06
0.00024061,0.000189777,0,1.17899e-06,9.29906e-07,0,1.50158e-06,1.50158e-06
0,0.00218977,0,0,1.07299e-05,0,1.07299e-05,1.07299e-05
0,0.00418978,0,0,2.05299e-05,0,2.05299e-05,2.05299e-05
0,0.000189777,0,0,9.29906e-07,0,9.29906e-07,9.29906e-07
0.000240625,0.00218978,0,1.17906e-06,1.07299e-05,0,1.07945e-05,1.07945e-05
0.00024061,0.00118978,0,1.17899e-06,5.82992e-06,0,5.94794e-06,5.94794e-06
0,0.0111898,0,0,5.48299e-05,0,5.48299e-05,5.48299e-05
0,0.00318977,0,0,1.56299e-05,0,1.56299e-05,1.56299e-05
0,0.000189777,0,0,9.29906e-07,0,9.29906e-07,9.29906e-07
0.00024061,0,0,1.17899e-06,0,0,1.17899e-06,1.17899e-06
0,0.00418977,0,0,2.05299e-05,0,2.05299e-05,2.05299e-05
0.00024061,0,0,1.17899e-06,0,0,1.17899e-06,1.17899e-06
0,0.000189777,0,0,9.29906e-07,0,9.29906e-07,9.29906e-07
0,0.00418977,0,0,2.05299e-05,0,2.05299e-05,2.05299e-05
0,0.00218978,0,0,1.07299e-05,0,1.07299e-05,1.07299e-05
0,0,0.00111879,0,0,5.48207e-06,5.48207e-06,5.48207e-06
0.000240625,0.00218978,0,1.17906e-06,1.07299e-05,0,1.07945e-05,1.07945e-05
0,0.00118978,0,0,5.82992e-06,0,5.82992e-06,5.82992e-06
0,0.000189777,0,0,9.29906e-07,0,9.29906e-07,9.29906e-07
0,0.00118978,0,0,5.82992e-06,0,5.82992e-06,5.82992e-06
0,0.00118976,0,0,5.82984e-06,0,5.82984e-06,5.82984e-06
0.00224061,0,0,1.0979e-05,0,0,1.0979e-05,1.0979e-05
0.00024061,0,0,1.17899e-06,0,0,1.17899e-06,1.17899e-06
0,0.000189762,0,0,9.29833e-07,0,9.29833e-07,9.29833e-07
0,0.000189762,0,0,9.29833e-07,0,9.29833e-07,9.29833e-07
0,0.00118976,0,0,5.82984e-06